"DATE","TIME PERIOD","Current account balance (BPS.M.N.AT.W1.S1.S1.T.B.CA._Z._Z._Z.EUR._T._X.N.ALL)","Current account balance (BPS.M.N.BE.W1.S1.S1.T.B.CA._Z._Z._Z.EUR._T._X.N.ALL)","Current account balance (BPS.M.N.BG.W1.S1.S1.T.B.CA._Z._Z._Z.EUR._T._X.N.ALL)","Current account balance (BPS.M.N.DE.W1.S1.S1.T.B.CA._Z._Z._Z.EUR._T._X.N.ALL)","Current account balance (BPS.M.N.EE.W1.S1.S1.T.B.CA._Z._Z._Z.EUR._T._X.N.ALL)","Current account balance (BPS.M.N.FI.W1.S1.S1.T.B.CA._Z._Z._Z.EUR._T._X.N.ALL)","Current account balance (BPS.M.N.FR.W1.S1.S1.T.B.CA._Z._Z._Z.EUR._T._X.N.ALL)","Current account balance (BPS.M.N.GR.W1.S1.S1.T.B.CA._Z._Z._Z.EUR._T._X.N.ALL)","Current account balance (BPS.M.N.IT.W1.S1.S1.T.B.CA._Z._Z._Z.EUR._T._X.N.ALL)","Current account balance (BPS.M.N.LT.W1.S1.S1.T.B.CA._Z._Z._Z.EUR._T._X.N.ALL)","Current account balance (BPS.M.N.LU.W1.S1.S1.T.B.CA._Z._Z._Z.EUR._T._X.N.ALL)","Current account balance (BPS.M.N.LV.W1.S1.S1.T.B.CA._Z._Z._Z.EUR._T._X.N.ALL)","Current account balance (BPS.M.N.MT.W1.S1.S1.T.B.CA._Z._Z._Z.EUR._T._X.N.ALL)","Current account balance (BPS.M.N.PT.W1.S1.S1.T.B.CA._Z._Z._Z.EUR._T._X.N.ALL)","Current account balance (BPS.M.N.SI.W1.S1.S1.T.B.CA._Z._Z._Z.EUR._T._X.N.ALL)","Current account balance (BPS.M.N.SK.W1.S1.S1.T.B.CA._Z._Z._Z.EUR._T._X.N.ALL)","Current account balance, calendar and seasonally adjusted (BPS.M.Y.I10.W1.S1.S1.T.B.CA._Z._Z._Z.EUR._T._X.N.ALL)"
"1971-01-31","1971Jan","","","","197.000"
"1971-02-28","1971Feb","","","","145.000"
"1971-03-31","1971Mar","","","","856.000"
"1971-04-30","1971Apr","","","","359.000"
"1971-05-31","1971May","","","","217.000"
"1971-06-30","1971Jun","","","","-80.000"
"1971-07-31","1971Jul","","","","-112.000"
"1971-08-31","1971Aug","","","","-52.000"
"1971-09-30","1971Sep","","","","395.000"
"1971-10-31","1971Oct","","","","407.000"
"1971-11-30","1971Nov","","","","35.000"
"1971-12-31","1971Dec","","","","-85.000"
"1972-01-31","1972Jan","","","","153.000"
"1972-02-29","1972Feb","","","","303.000"
"1972-03-31","1972Mar","","","","118.000"
"1972-04-30","1972Apr","","","","196.000"
"1972-05-31","1972May","","","","191.000"
"1972-06-30","1972Jun","","","","-183.000"
"1972-07-31","1972Jul","","","","-149.000"
"1972-08-31","1972Aug","","","","-272.000"
"1972-09-30","1972Sep","","","","-4.000"
"1972-10-31","1972Oct","","","","874.000"
"1972-11-30","1972Nov","","","","291.000"
"1972-12-31","1972Dec","","","","547.000"
"1973-01-31","1973Jan","","","","361.000"
"1973-02-28","1973Feb","","","","614.000"
"1973-03-31","1973Mar","","","","544.000"
"1973-04-30","1973Apr","","","","1021.000"
"1973-05-31","1973May","","","","892.000"
"1973-06-30","1973Jun","","","","-57.000"
"1973-07-31","1973Jul","","","","-203.000"
"1973-08-31","1973Aug","","","","499.000"
"1973-09-30","1973Sep","","","","862.000"
"1973-10-31","1973Oct","","","","1239.000"
"1973-11-30","1973Nov","","","","901.000"
"1973-12-31","1973Dec","","","","227.000"
"1974-01-31","1974Jan","","","","1097.000"
"1974-02-28","1974Feb","","","","1865.000"
"1974-03-31","1974Mar","","","","1677.000"
"1974-04-30","1974Apr","","","","1394.000"
"1974-05-31","1974May","","","","1308.000"
"1974-06-30","1974Jun","","","","177.000"
"1974-07-31","1974Jul","","","","630.000"
"1974-08-31","1974Aug","","","","-280.000"
"1974-09-30","1974Sep","","","","1119.000"
"1974-10-31","1974Oct","","","","1733.000"
"1974-11-30","1974Nov","","","","1376.000"
"1974-12-31","1974Dec","","","","1928.000"
"1975-01-31","1975Jan","","","","1204.000"
"1975-02-28","1975Feb","","","","1267.000"
"1975-03-31","1975Mar","","","","869.000"
"1975-04-30","1975Apr","","","","799.000"
"1975-05-31","1975May","","","","557.000"
"1975-06-30","1975Jun","","","","43.000"
"1975-07-31","1975Jul","","","","-57.000"
"1975-08-31","1975Aug","","","","-758.000"
"1975-09-30","1975Sep","","","","552.000"
"1975-10-31","1975Oct","","","","209.000"
"1975-11-30","1975Nov","","","","1033.000"
"1975-12-31","1975Dec","","","","812.000"
"1976-01-31","1976Jan","","","","297.000"
"1976-02-29","1976Feb","","","","601.000"
"1976-03-31","1976Mar","","","","1495.000"
"1976-04-30","1976Apr","","","","237.000"
"1976-05-31","1976May","","","","955.000"
"1976-06-30","1976Jun","","","","-185.000"
"1976-07-31","1976Jul","","","","-382.000"
"1976-08-31","1976Aug","","","","-1062.000"
"1976-09-30","1976Sep","","","","1035.000"
"1976-10-31","1976Oct","","","","918.000"
"1976-11-30","1976Nov","","","","1208.000"
"1976-12-31","1976Dec","","","","220.000"
"1977-01-31","1977Jan","","","","67.000"
"1977-02-28","1977Feb","","","","552.000"
"1977-03-31","1977Mar","","","","1472.000"
"1977-04-30","1977Apr","","","","587.000"
"1977-05-31","1977May","","","","691.000"
"1977-06-30","1977Jun","","","","196.000"
"1977-07-31","1977Jul","","","","-971.000"
"1977-08-31","1977Aug","","","","-602.000"
"1977-09-30","1977Sep","","","","-373.000"
"1977-10-31","1977Oct","","","","2143.000"
"1977-11-30","1977Nov","","","","827.000"
"1977-12-31","1977Dec","","","","853.000"
"1978-01-31","1978Jan","","","","575.000"
"1978-02-28","1978Feb","","","","894.000"
"1978-03-31","1978Mar","","","","1441.000"
"1978-04-30","1978Apr","","","","742.000"
"1978-05-31","1978May","","","","584.000"
"1978-06-30","1978Jun","","","","726.000"
"1978-07-31","1978Jul","","","","-575.000"
"1978-08-31","1978Aug","","","","259.000"
"1978-09-30","1978Sep","","","","770.000"
"1978-10-31","1978Oct","","","","1930.000"
"1978-11-30","1978Nov","","","","1343.000"
"1978-12-31","1978Dec","","","","1040.000"
"1979-01-31","1979Jan","","","","142.000"
"1979-02-28","1979Feb","","","","895.000"
"1979-03-31","1979Mar","","","","739.000"
"1979-04-30","1979Apr","","","","520.000"
"1979-05-31","1979May","","","","-226.000"
"1979-06-30","1979Jun","","","","-1159.000"
"1979-07-31","1979Jul","","","","-1561.000"
"1979-08-31","1979Aug","","","","-2231.000"
"1979-09-30","1979Sep","","","","-901.000"
"1979-10-31","1979Oct","","","","-260.000"
"1979-11-30","1979Nov","","","","-204.000"
"1979-12-31","1979Dec","","","","-1157.000"
"1980-01-31","1980Jan","","","","-774.000"
"1980-02-29","1980Feb","","","","-897.000"
"1980-03-31","1980Mar","","","","104.000"
"1980-04-30","1980Apr","","","","-1049.000"
"1980-05-31","1980May","","","","-687.000"
"1980-06-30","1980Jun","","","","-1344.000"
"1980-07-31","1980Jul","","","","-2410.000"
"1980-08-31","1980Aug","","","","-2914.000"
"1980-09-30","1980Sep","","","","-1163.000"
"1980-10-31","1980Oct","","","","-1059.000"
"1980-11-30","1980Nov","","","","-956.000"
"1980-12-31","1980Dec","","","","-970.000"
"1981-01-31","1981Jan","","","","-2417.000"
"1981-02-28","1981Feb","","","","-337.000"
"1981-03-31","1981Mar","","","","-1223.000"
"1981-04-30","1981Apr","","","","57.000"
"1981-05-31","1981May","","","","-872.000"
"1981-06-30","1981Jun","","","","-1639.000"
"1981-07-31","1981Jul","","","","-1491.000"
"1981-08-31","1981Aug","","","","-2929.000"
"1981-09-30","1981Sep","","","","-67.000"
"1981-10-31","1981Oct","","","","1943.000"
"1981-11-30","1981Nov","","","","1038.000"
"1981-12-31","1981Dec","","","","2284.000"
"1982-01-31","1982Jan","","","","-794.000"
"1982-02-28","1982Feb","","","","446.000"
"1982-03-31","1982Mar","","","","1395.000"
"1982-04-30","1982Apr","","","","544.000"
"1982-05-31","1982May","","","","841.000"
"1982-06-30","1982Jun","","","","706.000"
"1982-07-31","1982Jul","","","","-688.000"
"1982-08-31","1982Aug","","","","-1528.000"
"1982-09-30","1982Sep","","","","777.000"
"1982-10-31","1982Oct","","","","1054.000"
"1982-11-30","1982Nov","","","","2480.000"
"1982-12-31","1982Dec","","","","2210.000"
"1983-01-31","1983Jan","","","","761.000"
"1983-02-28","1983Feb","","","","1100.000"
"1983-03-31","1983Mar","","","","1855.000"
"1983-04-30","1983Apr","","","","427.000"
"1983-05-31","1983May","","","","725.000"
"1983-06-30","1983Jun","","","","370.000"
"1983-07-31","1983Jul","","","","-1553.000"
"1983-08-31","1983Aug","","","","-1496.000"
"1983-09-30","1983Sep","","","","463.000"
"1983-10-31","1983Oct","","","","1624.000"
"1983-11-30","1983Nov","","","","777.000"
"1983-12-31","1983Dec","","","","954.000"
"1984-01-31","1984Jan","","","","219.000"
"1984-02-29","1984Feb","","","","1214.000"
"1984-03-31","1984Mar","","","","1880.000"
"1984-04-30","1984Apr","","","","-181.000"
"1984-05-31","1984May","","","","1537.000"
"1984-06-30","1984Jun","","","","-247.000"
"1984-07-31","1984Jul","","","","-1011.000"
"1984-08-31","1984Aug","","","","-739.000"
"1984-09-30","1984Sep","","","","1177.000"
"1984-10-31","1984Oct","","","","3367.000"
"1984-11-30","1984Nov","","","","3169.000"
"1984-12-31","1984Dec","","","","3075.000"
"1985-01-31","1985Jan","","","","708.000"
"1985-02-28","1985Feb","","","","1995.000"
"1985-03-31","1985Mar","","","","2204.000"
"1985-04-30","1985Apr","","","","2346.000"
"1985-05-31","1985May","","","","3171.000"
"1985-06-30","1985Jun","","","","833.000"
"1985-07-31","1985Jul","","","","1718.000"
"1985-08-31","1985Aug","","","","-621.000"
"1985-09-30","1985Sep","","","","2811.000"
"1985-10-31","1985Oct","","","","3355.000"
"1985-11-30","1985Nov","","","","3558.000"
"1985-12-31","1985Dec","","","","4197.000"
"1986-01-31","1986Jan","","","","2751.000"
"1986-02-28","1986Feb","","","","3576.000"
"1986-03-31","1986Mar","","","","2997.000"
"1986-04-30","1986Apr","","","","4301.000"
"1986-05-31","1986May","","","","3406.000"
"1986-06-30","1986Jun","","","","2429.000"
"1986-07-31","1986Jul","","","","3058.000"
"1986-08-31","1986Aug","","","","1985.000"
"1986-09-30","1986Sep","","","","3644.000"
"1986-10-31","1986Oct","","","","4293.000"
"1986-11-30","1986Nov","","","","4847.000"
"1986-12-31","1986Dec","","","","4716.000"
"1987-01-31","1987Jan","","","","2660.000"
"1987-02-28","1987Feb","","","","3351.000"
"1987-03-31","1987Mar","","","","4770.000"
"1987-04-30","1987Apr","","","","3571.000"
"1987-05-31","1987May","","","","3948.000"
"1987-06-30","1987Jun","","","","2497.000"
"1987-07-31","1987Jul","","","","1850.000"
"1987-08-31","1987Aug","","","","517.000"
"1987-09-30","1987Sep","","","","3786.000"
"1987-10-31","1987Oct","","","","3508.000"
"1987-11-30","1987Nov","","","","4693.000"
"1987-12-31","1987Dec","","","","4835.000"
"1988-01-31","1988Jan","","","","3487.000"
"1988-02-29","1988Feb","","","","2836.000"
"1988-03-31","1988Mar","","","","3477.000"
"1988-04-30","1988Apr","","","","4698.000"
"1988-05-31","1988May","","","","3926.000"
"1988-06-30","1988Jun","","","","5268.000"
"1988-07-31","1988Jul","","","","2884.000"
"1988-08-31","1988Aug","","","","2159.000"
"1988-09-30","1988Sep","","","","3808.000"
"1988-10-31","1988Oct","","","","4236.000"
"1988-11-30","1988Nov","","","","5770.000"
"1988-12-31","1988Dec","","","","6453.000"
"1989-01-31","1989Jan","","","","6140.000"
"1989-02-28","1989Feb","","","","4939.000"
"1989-03-31","1989Mar","","","","5681.000"
"1989-04-30","1989Apr","","","","4456.000"
"1989-05-31","1989May","","","","4563.000"
"1989-06-30","1989Jun","","","","5337.000"
"1989-07-31","1989Jul","","","","2885.000"
"1989-08-31","1989Aug","","","","3572.000"
"1989-09-30","1989Sep","","","","4783.000"
"1989-10-31","1989Oct","","","","4710.000"
"1989-11-30","1989Nov","","","","5108.000"
"1989-12-31","1989Dec","","","","4435.000"
"1990-01-31","1990Jan","","","0.000","5905.000"
"1990-02-28","1990Feb","","","0.000","4424.000"
"1990-03-31","1990Mar","","","0.000","6082.000"
"1990-04-30","1990Apr","","","0.000","3657.000"
"1990-05-31","1990May","","","0.000","5161.000"
"1990-06-30","1990Jun","","","0.000","1573.000"
"1990-07-31","1990Jul","","","0.000","2934.000"
"1990-08-31","1990Aug","","","0.000","2348.000"
"1990-09-30","1990Sep","","","0.000","2212.000"
"1990-10-31","1990Oct","","","0.000","3594.000"
"1990-11-30","1990Nov","","","0.000","1303.000"
"1990-12-31","1990Dec","","","0.000","2057.000"
"1991-01-31","1991Jan","","","0.000","-1817.000"
"1991-02-28","1991Feb","","","0.000","-1613.000"
"1991-03-31","1991Mar","","","0.000","-4127.000"
"1991-04-30","1991Apr","","","0.000","-1611.000"
"1991-05-31","1991May","","","0.000","-2659.000"
"1991-06-30","1991Jun","","","0.000","-3529.000"
"1991-07-31","1991Jul","","","0.000","-2982.000"
"1991-08-31","1991Aug","","","0.000","-1929.000"
"1991-09-30","1991Sep","","","0.000","-2035.000"
"1991-10-31","1991Oct","","","0.000","-1646.000"
"1991-11-30","1991Nov","","","0.000","-251.000"
"1991-12-31","1991Dec","","","0.000","-16.000"
"1992-01-31","1992Jan","","","0.000","-3158.000"
"1992-02-29","1992Feb","","","0.000","-1464.000"
"1992-03-31","1992Mar","","","0.000","-503.000"
"1992-04-30","1992Apr","","","0.000","-983.000"
"1992-05-31","1992May","","","0.000","-2141.000"
"1992-06-30","1992Jun","","","0.000","-2812.000"
"1992-07-31","1992Jul","","","0.000","-3414.000"
"1992-08-31","1992Aug","","","0.000","-852.000"
"1992-09-30","1992Sep","","","0.000","-1317.000"
"1992-10-31","1992Oct","","","0.000","-694.000"
"1992-11-30","1992Nov","","","0.000","-1358.000"
"1992-12-31","1992Dec","","","0.000","-2781.000"
"1993-01-31","1993Jan","","","0.000","-2241.000"
"1993-02-28","1993Feb","","","0.000","-274.000"
"1993-03-31","1993Mar","","","0.000","193.000"
"1993-04-30","1993Apr","","","0.000","-1951.000"
"1993-05-31","1993May","","","0.000","-1633.000"
"1993-06-30","1993Jun","","","0.000","-970.000"
"1993-07-31","1993Jul","","","0.000","-3395.000"
"1993-08-31","1993Aug","","","0.000","-4097.000"
"1993-09-30","1993Sep","","","0.000","-2409.000"
"1993-10-31","1993Oct","","","0.000","-702.000"
"1993-11-30","1993Nov","","","0.000","-442.000"
"1993-12-31","1993Dec","","","0.000","-383.000"
"1994-01-31","1994Jan","","","0.000","-2710.000"
"1994-02-28","1994Feb","","","0.000","-2340.000"
"1994-03-31","1994Mar","","","0.000","-825.000"
"1994-04-30","1994Apr","","","0.000","-1614.000"
"1994-05-31","1994May","","","0.000","-2449.000"
"1994-06-30","1994Jun","","","0.000","-1062.000"
"1994-07-31","1994Jul","","","0.000","-4989.000"
"1994-08-31","1994Aug","","","0.000","-3279.000"
"1994-09-30","1994Sep","","","0.000","-3732.000"
"1994-10-31","1994Oct","","","0.000","-2105.000"
"1994-11-30","1994Nov","","","0.000","-999.000"
"1994-12-31","1994Dec","","","0.000","-2599.000"
"1995-01-31","1995Jan","","","0.000","-1668.000"
"1995-02-28","1995Feb","","","0.000","-1650.000"
"1995-03-31","1995Mar","","","0.000","-2439.000"
"1995-04-30","1995Apr","","","0.000","-1775.000"
"1995-05-31","1995May","","","0.000","-2160.000"
"1995-06-30","1995Jun","","","0.000","-2123.000"
"1995-07-31","1995Jul","","","0.000","-3832.000"
"1995-08-31","1995Aug","","","0.000","-4454.000"
"1995-09-30","1995Sep","","","0.000","-2667.000"
"1995-10-31","1995Oct","","","0.000","-1898.000"
"1995-11-30","1995Nov","","","0.000","755.000"
"1995-12-31","1995Dec","","","0.000","-1207.000"
"1996-01-31","1996Jan","","","0.000","-4063.000","","","","","","","","","","-220.000"
"1996-02-29","1996Feb","","","0.000","560.000","","","","","","","","","","-379.000"
"1996-03-31","1996Mar","","","0.000","-350.000","","","","","","","","","","-529.000"
"1996-04-30","1996Apr","","","0.000","-1420.000","","","","","","","","","","-553.000"
"1996-05-31","1996May","","","0.000","-1232.000","","","","","","","","","","-429.000"
"1996-06-30","1996Jun","","","0.000","-3288.000","","","","","","","","","","-378.000"
"1996-07-31","1996Jul","","","0.000","-2192.000","","","","","","","","","","-61.000"
"1996-08-31","1996Aug","","","0.000","-4061.000","","","","","","","","","","65.000"
"1996-09-30","1996Sep","","","0.000","-1449.000","","","","","","","","","","-294.000"
"1996-10-31","1996Oct","","","0.000","1312.000","","","","","","","","","","-412.000"
"1996-11-30","1996Nov","","","0.000","972.000","","","","","","","","","","-459.000"
"1996-12-31","1996Dec","","","0.000","224.000","","","","","","","","","","-614.000"
"1997-01-31","1997Jan","","","0.000","-6664.000","","","","","","","","","","-536.000"
"1997-02-28","1997Feb","","","0.000","-1521.000","","","","","","","","","","-474.000"
"1997-03-31","1997Mar","","","0.000","-39.000","","","","","","","","","","-729.000"
"1997-04-30","1997Apr","","","0.000","275.000","","","","","","","","","","-591.000"
"1997-05-31","1997May","","","0.000","-2771.000","","","","","","","","","","-531.000"
"1997-06-30","1997Jun","","","0.000","-539.000","","","","","","","","","","-510.000"
"1997-07-31","1997Jul","","","0.000","-1668.000","","","","","","","","","","-28.000"
"1997-08-31","1997Aug","","","0.000","-4273.000","","","","","","","","","","-99.000"
"1997-09-30","1997Sep","","","0.000","-398.000","","","","","","","","","","-701.000"
"1997-10-31","1997Oct","","","0.000","-1383.000","","","","","","","","","","-757.000"
"1997-11-30","1997Nov","","","0.000","663.000","","","","","","","","","","-574.000"
"1997-12-31","1997Dec","","","0.000","5953.000","","","","","","","","","","-795.000"
"1998-01-31","1998Jan","","","0.000","-6612.000","","","","","","","","","","-715.000"
"1998-02-28","1998Feb","","","0.000","-1019.000","","","","","","","","","","-761.000"
"1998-03-31","1998Mar","","","0.000","2194.000","","","","","","","","","","-811.000"
"1998-04-30","1998Apr","","","0.000","-1049.000","","","","","","","","","","-768.000"
"1998-05-31","1998May","","","0.000","-469.000","","","","","","","","","","-771.000"
"1998-06-30","1998Jun","","","0.000","-1026.000","","","","","","","","","","-778.000"
"1998-07-31","1998Jul","","","0.000","-1004.000","","","","","","","","","","36.000"
"1998-08-31","1998Aug","","","0.000","-5229.000","","","","","","","","","","-197.000"
"1998-09-30","1998Sep","","","0.000","-2320.000","","","","","","","","","","-798.000"
"1998-10-31","1998Oct","","","0.000","-1892.000","","","","","","","","","","-686.000"
"1998-11-30","1998Nov","","","0.000","2237.000","","","","","","","","","","-974.000"
"1998-12-31","1998Dec","","","0.000","666.000","","","","","","","","","","-1187.000"
"1999-01-31","1999Jan","","","0.000","-7376.000","","","","","","","","","","-489.000"
"1999-02-28","1999Feb","","","0.000","-2323.000","","","","","","","","","","-860.000"
"1999-03-31","1999Mar","","","0.000","653.000","","","","","","","","","","-1102.000"
"1999-04-30","1999Apr","","","0.000","348.000","","","","","","","","","","-1058.000"
"1999-05-31","1999May","","","0.000","-5000.000","","","","","","","","","","-675.000"
"1999-06-30","1999Jun","","","0.000","324.000","","","","","","","","","","-1028.000"
"1999-07-31","1999Jul","","","0.000","-1656.000","","","","","","","","","","-428.000"
"1999-08-31","1999Aug","","","0.000","-7458.000","","","","","","","","","","-454.000"
"1999-09-30","1999Sep","","","0.000","-3856.000","","","","","","","","","","-981.000"
"1999-10-31","1999Oct","","","0.000","-1989.000","","","","","","","","","","-757.000"
"1999-11-30","1999Nov","","","0.000","444.000","","","","","","","","","","-1299.000"
"1999-12-31","1999Dec","","","0.000","-1611.000","","","","","","","","","","-1477.000"
"2000-01-31","2000Jan","","","0.000","-6368.000","","","","","","","","","","-1078.000"
"2000-02-29","2000Feb","","","0.000","-336.000","","","","","","","","","","-1230.000"
"2000-03-31","2000Mar","","","0.000","2039.000","","","","","","","","","","-1594.000"
"2000-04-30","2000Apr","","","0.000","-2825.000","","","","","","","","","","-1172.000"
"2000-05-31","2000May","","","0.000","-3776.000","","","","","","","","","","-1452.000"
"2000-06-30","2000Jun","","","0.000","-1474.000","","","","","","","","","","-1337.000"
"2000-07-31","2000Jul","","","0.000","-3303.000","","","","","","","","","","-551.000"
"2000-08-31","2000Aug","","","0.000","-9530.000","","","","","","","","","","-702.000"
"2000-09-30","2000Sep","","","0.000","-5304.000","","","","","","","","","","-935.000"
"2000-10-31","2000Oct","","","0.000","-2367.000","","","","","","","","","","-1270.000"
"2000-11-30","2000Nov","","","0.000","-3476.000","","","","","","","","","","-1184.000"
"2000-12-31","2000Dec","","","0.000","-1285.000","","","","","","","","","","-1359.000"
"2001-01-31","2001Jan","","","0.000","-5671.000","","","","","","","","","","-1086.000"
"2001-02-28","2001Feb","","","0.000","-783.000","","","","","","","","","","-1152.000"
"2001-03-31","2001Mar","","","0.000","1449.000","","","","","","","","","","-1300.000"
"2001-04-30","2001Apr","","","0.000","-3303.000","","","","","","","","","","-1388.000"
"2001-05-31","2001May","","","0.000","-2246.000","","","","","","","","","","-1627.000"
"2001-06-30","2001Jun","","","0.000","-1133.000","","","","","","","","","","-1431.000"
"2001-07-31","2001Jul","","","0.000","-1326.000","","","","","","","","","","-753.000"
"2001-08-31","2001Aug","","","0.000","-1976.000","","","","","","","","","","-868.000"
"2001-09-30","2001Sep","","","0.000","-2684.000","","","","","","","","","","-1038.000"
"2001-10-31","2001Oct","","","0.000","2259.000","","","","","","","","","","-1135.000"
"2001-11-30","2001Nov","","","0.000","1418.000","","","","","","","","","","-1193.000"
"2001-12-31","2001Dec","","","0.000","4111.000","","","","","","","","","","-1216.000"
"2002-01-31","2002Jan","","","0.000","893.000","","","","-848.000","","","635.059","","","-1010.000"
"2002-02-28","2002Feb","","","0.000","2338.000","","","","-1261.000","","","308.160","","","-1105.000"
"2002-03-31","2002Mar","","","0.000","3889.000","","","","-988.000","","","186.217","","","-1150.000"
"2002-04-30","2002Apr","","","0.000","2153.000","","","","-1600.000","","","30.662","","","-1346.000"
"2002-05-31","2002May","","","0.000","613.000","","","","-864.000","","","580.857","","","-1150.000"
"2002-06-30","2002Jun","","","0.000","3753.000","","","","-544.000","","","338.474","","","-1175.000"
"2002-07-31","2002Jul","","","0.000","4630.000","","","","-174.000","","","149.336","","","-567.000"
"2002-08-31","2002Aug","","","0.000","623.000","","","","493.000","","","-386.970","","","-529.000"
"2002-09-30","2002Sep","","","0.000","4005.000","","","","-463.000","","","63.916","","","-1085.000"
"2002-10-31","2002Oct","","","0.000","4233.000","","","","-1259.000","","","236.436","","","-1066.000"
"2002-11-30","2002Nov","","","0.000","6519.000","","","","-1760.000","","","187.210","","","-930.000"
"2002-12-31","2002Dec","","","0.000","3967.000","","","","-1899.000","","","-426.428","","","-837.000"
"2003-01-31","2003Jan","","","0.000","-1515.000","","","","-1301.000","","","335.934","","","-743.000"
"2003-02-28","2003Feb","","","0.000","2272.000","","","","-1464.000","","","111.003","","","-684.000"
"2003-03-31","2003Mar","","","0.000","3843.000","","","","-1403.000","","","-210.181","","","-797.000"
"2003-04-30","2003Apr","","","0.000","35.000","","","","-1548.000","","","345.218","","","-778.000"
"2003-05-31","2003May","","","0.000","423.000","","","","-1276.000","","","-255.317","","","-845.000"
"2003-06-30","2003Jun","","","0.000","2022.000","","","","-1036.000","","","-168.728","","","-901.000"
"2003-07-31","2003Jul","","","0.000","2797.000","","","","-383.000","","","95.810","","","-29.000"
"2003-08-31","2003Aug","","","0.000","-1768.000","","","","433.000","","","319.178","","","-788.000"
"2003-09-30","2003Sep","","","0.000","3658.000","","","","-1403.000","","","483.056","","","-1013.000"
"2003-10-31","2003Oct","","","0.000","4781.000","","","","-1404.000","","","367.492","","","-938.000"
"2003-11-30","2003Nov","","","0.000","5124.000","","","","-2215.000","","","352.762","","","-1085.000"
"2003-12-31","2003Dec","","","0.000","5965.000","","","","-2118.000","","","98.354","","","-1090.000"
"2004-01-31","2004Jan","","","0.000","4880.000","","","","-1469.000","","","453.140","","","-1023.000"
"2004-02-29","2004Feb","","","0.000","6755.000","","","","-1235.000","","","335.718","","","-974.000"
"2004-03-31","2004Mar","","","0.000","12233.000","","","","-1643.000","","","167.554","","","-964.000"
"2004-04-30","2004Apr","","","0.000","8279.000","","","","-1682.000","","","-65.357","","","-1238.000"
"2004-05-31","2004May","","","0.000","8350.000","","","","-1580.000","","","-188.177","","","-742.000"
"2004-06-30","2004Jun","","","0.000","10206.000","","","","-1500.000","","","56.012","","","-1007.000"
"2004-07-31","2004Jul","","","0.000","7368.000","","","","-431.000","","","272.254","","","-344.000"
"2004-08-31","2004Aug","","","0.000","2622.000","","","","1056.000","","","144.847","","","-801.000"
"2004-09-30","2004Sep","","","0.000","6821.000","","","","-979.000","","","13.952","","","-1263.000"
"2004-10-31","2004Oct","","","0.000","9411.000","","","","-1151.000","","","489.363","","","-1315.000"
"2004-11-30","2004Nov","","","0.000","10254.000","","","","-2246.000","","","348.107","","","-1241.000"
"2004-12-31","2004Dec","","","0.000","10393.000","","","","-2076.000","","","-34.262","","","-1202.000"
"2005-01-31","2005Jan","","","0.000","5727.000","","","","-2069.000","","","635.988","","","-1393.000"
"2005-02-28","2005Feb","","","0.000","9554.000","","","","-1412.000","","","-20.449","","","-1122.000"
"2005-03-31","2005Mar","","","0.000","11462.000","","","","-2151.000","","","47.719","","","-1456.000"
"2005-04-30","2005Apr","","","0.000","7264.000","","","","-1887.000","","","-352.994","","","-1511.000"
"2005-05-31","2005May","","","0.000","6100.000","","","","-978.000","","","92.842","","","-1558.000"
"2005-06-30","2005Jun","","","0.000","11772.000","","","","-1153.000","","","250.015","","","-1020.000"
"2005-07-31","2005Jul","","","0.000","7072.000","","","","-475.000","","","535.965","","","-422.000"
"2005-08-31","2005Aug","","","0.000","3912.000","","","","86.000","","","329.086","","","-1309.000"
"2005-09-30","2005Sep","","","0.000","9624.000","","","","-1086.000","","","110.983","","","-1356.000"
"2005-10-31","2005Oct","","","0.000","8152.000","","","","-1531.000","","","170.451","","","-1427.000"
"2005-11-30","2005Nov","","","0.000","11558.000","","","","-2642.000","","","163.652","","","-1447.000"
"2005-12-31","2005Dec","","","0.000","10092.000","","","","-2375.000","","","138.365","","","-1177.000"
"2006-01-31","2006Jan","","","0.000","9261.000","","862.000","","-2304.000","","","262.575","","","-1692.000"
"2006-02-28","2006Feb","","","0.000","8766.000","","694.000","","-2507.000","","","713.060","","","-1770.000"
"2006-03-31","2006Mar","","","0.000","11297.000","","114.000","","-2969.000","","","-332.743","","","-1594.000"
"2006-04-30","2006Apr","","","0.000","10216.000","","-920.000","","-2278.000","","","-213.782","","","-1672.000"
"2006-05-31","2006May","","","0.000","6721.000","","609.000","","-2526.000","","","-13.947","","","-1874.000"
"2006-06-30","2006Jun","","","0.000","12338.000","","857.000","","-2229.000","","","387.405","","","-1361.000"
"2006-07-31","2006Jul","","","0.000","8218.000","","579.000","","-704.000","","","557.110","","","-645.000"
"2006-08-31","2006Aug","","","0.000","6435.000","","1032.000","","-88.000","","","282.605","","","-1163.000"
"2006-09-30","2006Sep","","","0.000","11844.000","","1177.000","","-1629.000","","","159.260","","","-1059.000"
"2006-10-31","2006Oct","","","0.000","16501.000","","601.000","","-2285.000","","","285.326","","","-1597.000"
"2006-11-30","2006Nov","","","0.000","18221.000","","871.000","","-3045.000","","","99.412","","","-1503.000"
"2006-12-31","2006Dec","","","0.000","13760.000","","321.000","","-2461.000","","","84.909","","","-1127.000"
"2007-01-31","2007Jan","","","-770.391","13030.000","","415.000","","-3178.000","","","688.393","","","-1034.000","20.000"
"2007-02-28","2007Feb","","","-611.509","9394.000","","377.000","","-3666.000","","","73.158","","","-1390.000","-117.000"
"2007-03-31","2007Mar","","","-600.721","18670.000","","385.000","","-4276.000","","","-257.840","","","-1351.000","-7.000"
"2007-04-30","2007Apr","","","-654.131","11845.000","","-284.000","","-3087.000","","","258.075","","","-1231.000","-110.000"
"2007-05-31","2007May","","","-583.761","8956.000","","-375.000","","-2634.000","","","248.911","","","-1810.000","-99.000"
"2007-06-30","2007Jun","","","-435.310","16098.000","","717.000","","-2519.000","","","19.523","","","-1385.000","-11.000"
"2007-07-31","2007Jul","","","-326.582","12674.000","","999.000","","-2192.000","","","779.887","","","-587.000","-236.000"
"2007-08-31","2007Aug","","","-314.833","8166.000","","1282.000","","-260.000","","","545.647","","","-1380.000","-96.000"
"2007-09-30","2007Sep","","","-654.269","15303.000","","1555.000","","-1676.000","","","-469.410","","","-1509.000","-159.000"
"2007-10-31","2007Oct","","","-766.672","16736.000","","885.000","","-3448.000","","","550.591","","","-1519.000","-146.000"
"2007-11-30","2007Nov","","","-860.073","19770.000","","1354.000","","-3677.000","","","95.909","","","-2041.000","-169.000"
"2007-12-31","2007Dec","","","-1166.796","14402.000","","225.000","","-4730.000","","","-72.587","","","-1644.000","-322.000"
"2008-01-31","2008Jan","","38.000","-791.947","12867.000","-185.400","391.000","-6028.000","-3601.000","-7007.000","-552.000","756.585","-345.000","-45.966","-1543.000","-171.000","-185.388"
"2008-02-29","2008Feb","","2081.000","-646.370","13046.000","-189.608","884.000","-2081.000","-2246.000","-3922.000","-465.000","475.416","-265.000","-5.216","-1915.000","-94.000","23.315"
"2008-03-31","2008Mar","","1995.000","-486.323","15006.000","-222.809","368.000","6084.000","-4172.000","-5086.000","-563.000","-315.808","-283.000","79.255","-1721.000","-95.000","-223.693"
"2008-04-30","2008Apr","","3310.000","-755.481","13160.000","-153.167","-780.000","-1702.000","-3619.000","-2589.000","-503.000","773.328","-358.000","-140.174","-1955.000","-92.000","-459.734"
"2008-05-31","2008May","","2451.000","-756.156","7100.000","-135.505","-868.000","-6725.000","-2988.000","-1443.000","-458.000","-255.584","-261.000","-59.659","-2065.000","-162.000","-254.201"
"2008-06-30","2008Jun","","-2186.000","-834.395","16531.000","-116.414","1046.000","-1921.000","-3224.000","-1722.000","-431.000","-26.087","-274.000","136.654","-1999.000","-169.000","-1093.879"
"2008-07-31","2008Jul","","-3864.000","-358.380","9233.000","-136.447","527.000","871.000","-2571.000","846.000","-367.000","836.788","-296.000","-69.059","-1461.000","-364.000","-373.633"
"2008-08-31","2008Aug","","-2513.000","-111.259","5105.000","-37.992","767.000","-81.000","-604.000","-5155.000","-274.000","454.605","-210.000","64.198","-1664.000","-190.000","-42.524"
"2008-09-30","2008Sep","","-310.000","-610.676","12417.000","-116.566","787.000","1945.000","-2788.000","-4677.000","-326.000","-517.462","-253.000","110.612","-1670.000","-87.000","-344.301"
"2008-10-31","2008Oct","","-2828.000","-1056.192","14431.000","-26.649","890.000","-3553.000","-3890.000","-3191.000","-129.000","810.343","-255.000","-3.864","-1736.000","-191.000","-279.536"
"2008-11-30","2008Nov","","-427.000","-829.926","10356.000","-64.275","625.000","-4420.000","-3693.000","-5770.000","-59.000","330.422","-120.000","-94.285","-1846.000","-98.000","-373.427"
"2008-12-31","2008Dec","","-1285.000","-940.853","10806.000","-53.488","303.000","3737.000","-3173.000","-5043.000","-192.000","-871.886","-87.000","-27.361","-1629.000","-304.000","-655.111"
"2009-01-31","2009Jan","","-2186.000","-471.991","5726.000","-13.540","140.000","-2710.000","-3274.000","-6533.000","-51.000","885.351","-4.000","-153.797","-1519.000","-28.233","-487.088"
"2009-02-28","2009Feb","","7.000","-239.038","8820.000","-28.986","307.000","-3765.000","-1292.000","-4106.000","-39.000","243.900","25.000","-71.456","-1451.000","-101.911","-226.541"
"2009-03-31","2009Mar","","-105.000","-561.678","13042.000","4.900","-123.000","3806.000","-3055.000","-3769.000","-71.000","-93.690","-4.000","-8.413","-1794.000","-46.762","-316.919"
"2009-04-30","2009Apr","","806.000","-522.998","7992.000","8.058","-78.000","-3691.000","-2898.000","-2259.000","-8.000","803.523","98.000","-6.462","-1437.000","45.826","-24.398"
"2009-05-31","2009May","","217.000","-328.914","6760.000","27.463","-952.000","-3883.000","-1923.000","-2121.000","-45.000","1159.534","175.000","23.866","-1505.000","33.486","-181.980"
"2009-06-30","2009Jun","","-2104.000","-337.437","13422.000","2.333","420.000","-2472.000","-2732.000","-2123.000","-8.000","-914.599","343.000","28.871","-1781.000","32.663","-237.062"
"2009-07-31","2009Jul","","4069.000","125.816","14049.000","24.494","665.000","4883.000","-1952.000","2570.000","24.000","462.050","80.000","-90.456","-1160.000","-113.456","-233.136"
"2009-08-31","2009Aug","","-240.000","143.680","7280.000","75.294","217.000","1833.000","-638.000","-3324.000","-23.000","297.888","82.000","-29.392","-1654.000","-168.856","81.759"
"2009-09-30","2009Sep","","1031.000","-17.619","11926.000","90.095","224.000","370.000","-1903.000","-3053.000","67.000","-69.901","211.000","47.217","-1675.000","-8.274","-28.354"
"2009-10-31","2009Oct","","1089.000","-163.381","12387.000","93.805","2117.000","-1737.000","-2776.000","-740.000","164.000","212.910","232.000","-34.550","-1432.000","-40.989","20.223"
"2009-11-30","2009Nov","","1300.000","-224.246","18420.000","66.944","364.000","-4411.000","-3599.000","-2541.000","281.000","-226.957","196.000","-78.692","-1787.000","93.349","-113.909"
"2009-12-31","2009Dec","","1858.000","-506.964","19929.000","9.441","326.000","1117.000","-3280.000","-859.000","255.000","-500.771","22.000","-30.599","-970.000","-66.525","-459.731"
"2010-01-31","2010Jan","","-653.000","-253.508","7248.000","9.573","290.000","-3659.000","-2975.000","-6700.000","-12.000","476.020","91.000","-23.688","-1491.000","27.181","-233.115"
"2010-02-28","2010Feb","","-343.000","87.739","10418.000","4.122","-122.000","-1206.000","-2866.000","-5451.000","-19.000","490.929","42.000","-18.048","-1711.000","-114.359","-130.356"
"2010-03-31","2010Mar","","759.000","-252.838","16679.000","-50.659","-422.000","369.000","-3634.000","-5490.000","-20.000","-50.516","139.000","-112.714","-1532.000","100.862","-171.698"
"2010-04-30","2010Apr","","5733.000","-204.918","11424.000","18.049","-239.000","540.000","-2487.000","-2261.000","-67.000","130.223","83.000","-19.074","-1059.000","18.379","-121.407"
"2010-05-31","2010May","","-110.000","-55.957","5451.000","-7.608","-904.000","-7362.000","348.000","-5250.000","100.000","1020.069","50.000","-12.736","-1940.000","-66.260","-146.050"
"2010-06-30","2010Jun","","1406.000","-69.685","12909.000","6.809","772.000","-1931.000","-1719.000","-3970.000","64.000","-908.018","60.000","77.483","-2367.000","-8.580","-198.536"
"2010-07-31","2010Jul","","1061.000","514.035","10166.000","78.971","60.000","3744.000","-968.000","615.000","-41.000","468.648","-38.000","-143.332","-699.000","-34.657","-500.762"
"2010-08-31","2010Aug","","-1031.000","559.239","5784.000","68.181","133.000","22.000","73.000","-5046.000","87.000","235.786","-43.000","65.818","-1341.000","-75.648","-534.151"
"2010-09-30","2010Sep","","725.000","183.828","15444.000","63.198","306.000","290.000","-1434.000","-5573.000","-43.000","142.151","-7.000","-5.508","-1490.000","-4.664","-241.743"
"2010-10-31","2010Oct","","10.000","-140.817","15196.000","44.454","1763.000","-1317.000","-2496.000","-3423.000","13.000","394.866","-22.000","-87.506","-1392.000","-56.396","-296.427"
"2010-11-30","2010Nov","","-384.000","-362.736","17105.000","-13.029","317.000","-1878.000","-2185.000","-4952.000","-50.000","526.602","22.000","-70.114","-1499.000","-39.219","-121.491"
"2010-12-31","2010Dec","","-1276.000","-662.793","17668.000","40.774","608.000","-164.000","-2305.000","-4644.000","49.000","-479.534","-69.000","41.998","-1928.000","2.322","-487.752"
"2011-01-31","2011Jan","","-2515.000","-95.127","9214.000","-42.960","150.000","-6199.000","-1750.000","-8645.000","-197.000","674.041","26.000","-100.451","-1371.000","21.218","-100.545"
"2011-02-28","2011Feb","","-1457.000","126.572","10653.000","-30.085","-36.000","-7810.000","-1605.000","-5515.000","-156.000","376.915","-8.000","-72.995","-1404.000","-72.133","48.703"
"2011-03-31","2011Mar","","-762.000","-93.588","21509.000","-49.840","-700.000","62.000","-2601.000","-7375.000","-113.000","-367.457","-63.000","17.677","-1288.000","39.677","-349.961"
"2011-04-30","2011Apr","","49.000","-171.434","11575.000","-28.885","-1059.000","-2928.000","-1963.000","-4165.000","-213.000","-210.542","-14.000","25.490","-935.000","13.803","-456.996"
"2011-05-31","2011May","","-1876.000","198.011","9022.000","-21.499","-1257.000","-6097.000","-1495.000","-4989.000","0.000","961.668","-4.000","22.871","-1373.000","-119.862","-476.201"
"2011-06-30","2011Jun","","-250.000","24.108","13231.000","34.789","409.000","4398.000","-1814.000","-1856.000","-64.000","-269.829","-104.000","-72.832","-962.000","106.456","-345.858"
"2011-07-31","2011Jul","","370.000","372.063","9929.000","48.267","241.000","1514.000","-255.000","216.000","-54.000","310.689","-292.000","88.847","-706.000","-24.603","-525.723"
"2011-08-31","2011Aug","","-1592.000","658.759","9859.000","57.422","-319.000","900.000","-75.000","-4610.000","-60.000","100.849","-67.000","32.421","-413.000","-151.319","-342.877"
"2011-09-30","2011Sep","","405.000","-97.761","18990.000","86.948","513.000","-476.000","-1074.000","-4042.000","-11.000","241.961","-17.000","29.856","-937.000","-17.267","-233.665"
"2011-10-31","2011Oct","","1103.000","-152.628","13535.000","85.017","-615.000","-3330.000","-1159.000","-1542.000","-72.000","-50.655","-95.000","-23.279","-136.000","47.993","-53.379"
"2011-11-30","2011Nov","","377.000","-272.794","20206.000","42.940","-11.000","-488.000","-2045.000","-2942.000","-59.000","670.744","-42.000","-5.969","-765.000","-29.038","-196.178"
"2011-12-31","2011Dec","","-1145.000","-360.001","20300.000","37.186","-383.000","2765.000","-1995.000","13.000","-151.000","64.090","6.000","28.304","-472.000","-98.799","-464.308"
"2012-01-31","2012Jan","","-1519.000","-246.518","13353.000","44.763","-593.000","-5733.000","-1002.000","-6511.000","-146.000","717.938","-112.000","-52.476","-1295.000","-59.271","-36.662"
"2012-02-29","2012Feb","","-461.000","-253.410","14278.000","-50.586","-628.000","-5352.000","-915.000","-3582.000","-239.000","368.456","-108.000","-33.066","-871.000","-110.981","-37.216"
"2012-03-31","2012Mar","","1263.000","84.206","19698.000","-35.396","-983.000","1397.000","-3022.000","-1463.000","-321.000","747.593","-44.000","56.664","-743.000","87.401","314.247"
"2012-04-30","2012Apr","","1531.000","-298.113","13109.000","-95.259","-1324.000","-2512.000","-1070.000","-756.000","17.000","-1962.175","-117.000","14.734","-333.000","26.328","-64.376"
"2012-05-31","2012May","","-2714.000","-110.543","11734.000","-37.713","-191.000","-7660.000","-669.000","-729.000","165.000","-67.678","-27.000","65.276","-281.000","-18.601","214.052"
"2012-06-30","2012Jun","","6257.000","108.595","19263.000","-39.333","181.000","3790.000","16.000","2499.000","-30.000","740.586","-109.000","-115.020","175.000","91.505","137.613"
"2012-07-31","2012Jul","","719.000","271.648","16630.000","-39.711","-173.000","2123.000","809.000","4262.000","-33.000","1042.254","-106.000","25.628","598.000","2.395","47.607"
"2012-08-31","2012Aug","","-1674.000","473.816","13428.000","-68.433","-31.000","-3684.000","1246.000","-1380.000","39.000","1400.797","-121.000","62.114","263.000","-9.104","-196.035"
"2012-09-30","2012Sep","","-737.000","168.985","17212.000","-34.752","145.000","416.000","1029.000","-1054.000","-150.000","-330.812","14.000","65.729","-476.000","141.560","65.246"
"2012-10-31","2012Oct","","-885.000","-170.738","18249.000","-76.869","-176.000","-4670.000","-975.000","1884.000","-2.000","676.866","-106.000","17.766","-64.000","147.475","228.000"
"2012-11-30","2012Nov","","-1032.000","23.596","21622.000","161.162","168.000","-2716.000","-1118.000","1514.000","115.000","382.716","31.000","21.721","29.000","182.978","82.431"
"2012-12-31","2012Dec","","-1062.000","-409.270","17823.000","-67.547","-864.000","4452.000","-992.000","2036.000","62.000","-1397.092","-12.000","-7.107","488.000","24.859","-71.217"
"2013-01-31","2013Jan","","-774.000","-107.000","9979.000","29.390","-624.000","-8374.000","-789.000","-2416.000","-94.000","-1014.534","-101.000","19.080","-123.000","119.251","-23.614","6851.172"
"2013-02-28","2013Feb","","-761.000","-394.740","11085.000","-59.717","92.000","-5772.000","-1218.000","-923.000","-10.000","343.226","-22.000","16.007","-466.000","52.810","140.227","12825.012"
"2013-03-31","2013Mar","","1184.000","87.800","20366.000","-26.648","-624.000","1665.000","-1613.000","-200.000","71.000","-577.970","-49.000","-91.765","294.000","206.688","473.334","20428.058"
"2013-04-30","2013Apr","","2282.000","433.520","16102.000","-29.451","-1703.000","-866.000","-1116.000","1127.000","-121.000","-1468.378","-61.000","48.648","418.000","180.963","230.925","15245.221"
"2013-05-31","2013May","","-4214.000","-168.020","12502.000","72.218","279.000","-8469.000","-407.000","1088.000","72.000","-202.478","-62.000","122.566","-230.000","44.589","439.443","18176.563"
"2013-06-30","2013Jun","","1084.000","231.220","15369.000","-33.077","-41.000","7178.000","279.000","2751.000","231.000","1325.438","15.000","-119.452","322.000","164.620","307.789","18697.113"
"2013-07-31","2013Jul","","1547.000","117.860","12876.000","-29.473","-618.000","1046.000","2657.000","6256.000","-58.000","665.340","-179.000","7.707","659.000","69.598","151.688","12872.282"
"2013-08-31","2013Aug","","-588.000","790.190","9203.000","17.308","182.000","-3052.000","1240.000","357.000","128.000","656.537","-84.000","151.355","898.000","73.425","74.036","14758.178"
"2013-09-30","2013Sep","","1359.000","59.180","19435.000","-13.506","-69.000","-1280.000","661.000","-262.000","51.000","171.377","-15.000","12.293","21.000","129.963","293.516","12339.072"
"2013-10-31","2013Oct","","797.000","-114.190","18379.000","-23.725","-243.000","-1520.000","-684.000","3173.000","105.000","719.456","-44.000","33.747","84.000","145.754","252.372","15239.151"
"2013-11-30","2013Nov","","2085.000","-71.450","23102.000","53.136","435.000","-667.000","-1002.000","2860.000","114.000","173.899","-21.000","43.334","-28.000","60.659","127.820","19896.111"
"2013-12-31","2013Dec","","-250.000","-309.990","19143.000","16.653","-897.000","7191.000","-595.000","2881.000","101.000","1138.579","-13.000","-39.873","768.000","22.779","-276.731","21337.425"
"2014-01-31","2014Jan","","-91.000","-333.780","14747.000","-32.078","-685.000","-9000.000","-321.000","-1224.000","4.000","-1329.022","-64.000","45.083","-244.000","200.559","31.731","17594.155"
"2014-02-28","2014Feb","","579.000","-141.660","12535.000","-49.285","231.000","-6355.000","-945.000","277.000","85.000","378.327","-42.000","12.859","-246.000","52.344","78.650","16896.856"
"2014-03-31","2014Mar","","1378.000","356.390","21613.000","-72.886","-597.000","-28.000","-322.000","417.000","-88.000","409.597","-59.000","8.488","146.000","202.148","328.940","13706.468"
"2014-04-30","2014Apr","","49.000","-188.430","16769.000","-17.364","-1464.000","-1672.000","-1106.000","2352.000","-8.000","-930.239","-58.000","143.962","261.000","219.959","79.254","15577.109"
"2014-05-31","2014May","","-20.000","-36.690","11803.000","54.788","-120.000","-9633.000","-616.000","350.000","26.000","696.218","-29.000","109.186","-248.000","118.091","331.894","15761.073"
"2014-06-30","2014Jun","","3387.000","378.200","16044.000","15.546","-9.000","1133.000","1068.000","2586.000","95.000","1244.084","-54.000","-24.078","-53.000","164.175","174.982","13259.545"
"2014-07-31","2014Jul","","-3929.000","558.910","19722.000","14.515","-1008.000","1673.000","1433.000","6977.000","-29.000","104.611","-55.000","133.935","27.000","240.989","159.941","21022.686"
"2014-08-31","2014Aug","","-2768.000","548.230","10973.000","28.794","121.000","-2220.000","2055.000","1538.000","463.000","149.377","-54.000","167.421","607.000","-10.195","-4.119","20876.153"
"2014-09-30","2014Sep","","334.000","48.870","23377.000","5.937","527.000","2097.000","707.000","837.000","400.000","1208.013","-54.000","42.583","-249.000","311.149","99.060","24716.852"
"2014-10-31","2014Oct","","1929.000","42.120","23786.000","30.284","58.000","-2036.000","-244.000","5738.000","184.000","333.698","103.000","129.106","735.000","262.782","158.388","27777.077"
"2014-11-30","2014Nov","","-738.000","-12.060","21363.000","96.473","40.000","-220.000","-1367.000","2884.000","26.000","350.689","42.000","139.456","-276.000","56.299","82.995","24208.278"
"2014-12-31","2014Dec","","3000.000","-311.720","23199.000","44.164","113.000","6587.000","-1659.000","5969.000","150.000","-496.665","-10.000","-163.960","134.000","167.275","-190.623","27961.116"
"2015-01-31","2015Jan","","273.000","-158.710","16132.000","21.024","-379.000","-6676.000","-459.000","-2699.000","-113.000","24.568","7.000","108.878","175.000","146.858","-136.005","44812.441"
"2015-02-28","2015Feb","","1583.000","-282.430","16037.000","-46.061","-362.000","-5677.000","-1592.000","-86.000","-181.000","30.510","-39.000","167.645","-127.000","34.035","-97.304","22330.875"
"2015-03-31","2015Mar","","-1506.000","411.970","26455.000","-60.322","-385.000","2100.000","-1655.000","75.000","-168.000","-408.082","-75.000","-145.409","130.000","221.599","216.345","17006.832"
"2015-04-30","2015Apr","","1500.000","-210.630","20566.000","57.223","-1363.000","-1232.000","-1283.000","2378.000","-278.000","-1323.855","11.000","174.173","8.000","30.044","-163.371","22131.825"
"2015-05-31","2015May","","-762.000","-80.780","13341.000","94.752","94.000","-2578.000","-274.000","777.000","-123.000","1545.417","-35.000","-51.870","-1086.000","114.370","-23.204","30484.580"
"2015-06-30","2015Jun","","5298.000","189.550","21410.000","43.617","184.000","3395.000","248.000","1002.000","-115.000","1794.861","-58.000","-111.220","81.000","163.008","-129.049","3573.371"
"2015-07-31","2015Jul","","1246.000","414.870","23820.000","63.298","124.000","-2066.000","2502.000","7806.000","-103.000","2484.394","-90.000","-38.202","651.000","182.196","-50.618","31461.768"
"2015-08-31","2015Aug","","-3073.000","520.080","14013.000","65.626","157.000","-939.000","2227.000","1274.000","-7.000","705.932","-102.000","141.214","974.000","78.767","-341.115","26341.495"
"2015-09-30","2015Sep","","540.000","99.880","25938.000","16.766","239.000","2301.000","862.000","939.000","180.000","-531.117","85.000","-46.875","-102.000","229.798","-189.322","28152.701"
"2015-10-31","2015Oct","","331.000","-159.970","22692.000","36.867","-24.000","847.000","187.000","4065.000","92.000","115.704","91.000","105.557","352.000","184.475","-124.211","24378.242"
"2015-11-30","2015Nov","","-1241.000","-445.000","26448.000","21.686","-39.000","-2721.000","-1266.000","2685.000","19.000","-127.824","102.000","24.101","4.000","186.513","-396.041","25325.719"
"2015-12-31","2015Dec","","1574.000","-290.990","23236.000","-4.590","-154.000","6088.000","-935.000","2452.000","-142.000","-1275.567","79.000","-58.242","-156.000","12.809","-224.040","29014.623"
"2016-01-31","2016Jan","","1185.000","50.140","17938.000","-48.763","-545.000","-5543.000","-830.000","-1833.000","61.000","151.088","99.000","111.636","-52.000","242.398","15.767","33771.086"
"2016-02-29","2016Feb","","647.000","-103.300","22373.000","-47.306","-117.000","-7624.000","-1029.000","1550.000","-82.000","183.205","45.000","103.897","-228.000","152.469","-154.316","24999.153"
"2016-03-31","2016Mar","","1480.000","53.090","31043.000","-40.203","-297.000","-1096.000","-890.000","2743.000","-154.000","-338.158","-9.000","-342.727","191.000","306.537","228.459","28894.089"
"2016-04-30","2016Apr","","724.000","-92.290","29613.000","9.971","-1234.000","-1855.000","-878.000","4619.000","-90.000","-814.042","23.000","-16.069","316.000","180.157","22.579","35748.578"
"2016-05-31","2016May","","-641.000","-18.990","20075.000","35.111","-532.000","-1648.000","-625.000","2869.000","-111.000","623.694","8.000","-8.622","-735.000","165.814","-68.846","34526.416"
"2016-06-30","2016Jun","","1422.000","698.330","22516.000","52.364","-459.000","455.000","681.000","3704.000","-83.000","1951.320","-60.000","-87.417","379.000","184.472","158.896","30263.042"
"2016-07-31","2016Jul","","762.000","603.750","21379.000","56.034","-446.000","-588.000","1219.000","8312.000","-16.000","266.063","11.000","306.375","985.000","103.739","-246.407","29926.486"
"2016-08-31","2016Aug","","-3536.000","463.720","18491.000","103.838","-112.000","-3265.000","1623.000","3203.000","25.000","453.410","1.000","-17.641","1110.000","82.034","-64.142","26619.824"
"2016-09-30","2016Sep","","1063.000","323.740","25092.000","67.621","230.000","1021.000","722.000","3589.000","106.000","209.606","101.000","-109.850","240.000","346.885","113.696","30066.585"
"2016-10-31","2016Oct","","357.000","-135.490","23303.000","-0.559","-127.000","-1552.000","-416.000","4695.000","33.000","1983.424","66.000","10.053","719.000","243.968","-193.474","27164.747"
"2016-11-30","2016Nov","","-1635.000","28.000","28871.000","20.916","-94.000","1368.000","-1462.000","3412.000","101.000","-23.390","72.000","149.945","-138.000","71.834","-384.676","29305.607"
"2016-12-31","2016Dec","","544.000","-394.640","23967.000","8.187","-520.000","8540.000","-1166.000","5086.000","-182.000","-484.743","78.000","-159.426","-140.000","33.841","-614.736","31848.599"
"2017-01-31","2017Jan","","-741.000","-46.770","17359.000","0.555","34.000","-11479.000","-421.000","-180.000","-24.000","602.215","21.000","4.959","-161.000","264.447","-380.194","21956.713"
"2017-02-28","2017Feb","","707.000","262.410","21704.000","86.191","-85.000","-5055.000","-1185.000","1795.000","13.000","562.894","33.000","112.140","71.000","223.821","-221.228","31647.920"
"2017-03-31","2017Mar","","891.000","-214.280","32226.000","-1.066","-245.000","-2010.000","-1515.000","2726.000","-9.000","635.889","9.000","160.822","254.000","210.775","104.347","35640.679"
"2017-04-30","2017Apr","","721.000","-181.780","15792.000","0.193","-1002.000","-941.000","-682.000","2979.000","-208.000","-1351.652","31.000","176.821","48.000","229.218","-91.841","12153.847"
"2017-05-31","2017May","","-2338.000","90.770","16523.000","15.397","-242.000","-1495.000","-772.000","2053.000","-36.000","1981.339","-15.000","169.942","-1192.000","92.894","-174.225","21529.915"
"2017-06-30","2017Jun","","2148.000","382.800","20759.000","54.361","-654.000","-2804.000","603.000","4276.000","157.000","1393.312","-98.000","280.644","283.000","255.792","-124.922","21029.621"
"2017-07-31","2017Jul","","901.000","1018.870","19583.000","32.361","192.000","1094.000","1351.000","6665.000","-74.000","-301.419","-128.000","218.090","929.000","298.406","-252.841","34816.627"
"2017-08-31","2017Aug","","-347.000","686.700","19200.000","60.215","208.000","3340.000","1707.000","4347.000","154.000","-171.375","-19.000","279.806","1567.000","199.583","-147.547","38886.768"
"2017-09-30","2017Sep","","1125.000","389.500","27619.000","68.203","-80.000","1038.000","958.000","4138.000","220.000","-280.241","-32.000","263.058","373.000","477.768","121.146","43688.986"
"2017-10-31","2017Oct","","454.000","-80.010","22097.000","6.206","236.000","-1894.000","-810.000","5435.000","90.000","574.107","165.000","315.984","392.000","438.200","-1.685","38412.266"
"2017-11-30","2017Nov","","-1505.000","-191.170","29789.000","67.683","66.000","-1475.000","-1146.000","3844.000","-16.000","593.210","174.000","205.502","83.000","39.613","11.348","40132.929"
"2017-12-31","2017Dec","","1092.000","-459.670","26078.000","19.303","100.000","9152.000","-1493.000","4474.000","166.000","-489.165","243.000","184.964","255.000","165.082","-316.083","40416.865"
"2018-01-31","2018Jan","","851.000","-355.540","24909.000","22.078","83.000","-5770.000","-531.000","159.000","-76.000","1342.249","68.000","122.974","-333.000","263.828","-246.537","32642.812"
"2018-02-28","2018Feb","","200.000","-27.750","23029.000","19.996","-211.000","-6077.000","-1403.000","2327.000","-50.000","593.928","-6.000","146.233","9.000","193.238","-137.499","25586.755"
"2018-03-31","2018Mar","","-9.000","-240.250","32830.000","-10.537","-587.000","-1391.000","-1158.000","3211.000","-84.000","-494.601","-55.000","165.599","103.000","301.532","351.533","37791.344"
"2018-04-30","2018Apr","","268.000","-241.040","26851.000","10.647","-1266.000","1494.000","-1492.000","3202.000","-74.000","-118.953","111.000","112.595","80.000","264.797","-4.481","34194.092"
"2018-05-31","2018May","","-2382.000","-151.590","18909.000","57.522","-833.000","-6052.000","31.000","1930.000","-80.000","835.684","-3.000","82.839","-506.000","203.557","121.403","35052.516"
"2018-06-30","2018Jun","","1699.000","173.570","27846.000","47.160","-837.000","-6535.000","-15.000","5590.000","38.000","62.488","35.000","239.693","-215.000","279.111","-304.120","30739.276"
"2018-07-31","2018Jul","","-434.000","761.190","17880.000","-12.509","-197.000","3921.000","1308.000","7327.000","117.000","111.601","-120.000","166.697","932.000","277.183","-68.654","26970.890"
"2018-08-31","2018Aug","","-452.000","788.060","20071.000","-3.667","-160.000","-3224.000","1354.000","5497.000","189.000","761.303","-147.000","242.179","1058.000","244.967","-288.379","31409.177"
"2018-09-30","2018Sep","","169.000","156.010","23589.000","35.919","-209.000","191.000","548.000","3061.000","-51.000","855.373","-142.000","212.551","484.000","334.498","215.186","25040.896"
"2018-10-31","2018Oct","","-367.000","-181.640","24386.000","13.067","117.000","-2461.000","-915.000","5195.000","25.000","743.822","17.000","76.639","447.000","295.606","-185.988","25355.564"
"2018-11-30","2018Nov","","-3258.000","-95.760","25829.000","54.474","295.000","-116.000","-1446.000","3624.000","139.000","394.412","29.000","60.040","-796.000","217.912","-419.408","21744.682"
"2018-12-31","2018Dec","","-490.000","-217.450","23057.000","-87.793","69.000","9579.000","-1515.000","3343.000","70.000","-83.393","102.000","196.844","281.000","83.645","-507.235","26898.054"
"2019-01-31","2019Jan","","13.000","-126.050","22862.000","58.826","657.000","-2058.000","-1196.000","670.000","102.000","970.463","49.000","114.137","-366.000","354.172","-219.427","37373.987"
"2019-02-28","2019Feb","","875.000","114.180","19952.000","55.916","93.000","-3279.000","-1029.000","2374.000","24.000","698.960","2.000","112.712","-318.000","183.938","141.538","31203.183"
"2019-03-31","2019Mar","","593.000","-137.660","32488.000","-8.485","-588.000","2331.000","-1552.000","3793.000","151.000","528.899","16.000","97.248","209.000","286.903","-134.184","31309.585"
"2019-04-30","2019Apr","","-7.000","-423.170","24886.000","22.573","-4373.000","285.000","-1411.000","3491.000","-90.000","268.349","-30.000","270.706","-164.000","240.657","-320.297","9959.414"
"2019-05-31","2019May","","-4162.000","-63.790","19031.000","86.576","362.000","-1399.000","256.000","3095.000","-67.000","1585.601","-64.000","272.523","-609.000","345.150","-170.234","21829.773"
"2019-06-30","2019Jun","","977.000","538.120","19246.000","48.142","538.000","-537.000","792.000","5153.000","262.000","1667.358","-17.000","152.511","71.000","233.754","-395.174","17975.422"
"2019-07-31","2019Jul","","2318.000","515.590","22142.000","61.852","124.000","2745.000","1333.000","9487.000","-52.000","-846.690","-186.000","221.539","681.000","219.986","-586.126","31171.646"
"2019-08-31","2019Aug","","-284.000","728.190","18597.000","82.376","270.000","-1349.000","1803.000","4381.000","338.000","1488.347","-3.000","347.529","1496.000","258.103","-309.660","32921.961"
"2019-09-30","2019Sep","","1194.000","276.810","25434.000","47.464","304.000","2303.000","914.000","3645.000","342.000","1013.884","-38.000","237.096","266.000","246.332","-190.400","37061.938"
"2019-10-31","2019Oct","","654.000","-68.300","23337.000","45.976","472.000","540.000","-678.000","9740.000","281.000","-760.341","114.000","226.106","189.000","415.139","-139.801","18610.685"
"2019-11-30","2019Nov","","-523.000","30.000","27773.000","92.147","301.000","3874.000","-1385.000","5230.000","288.000","-1432.639","12.000","238.250","-285.000","322.346","-444.117","17687.765"
"2019-12-31","2019Dec","","-980.000","-364.810","22729.000","-20.899","1511.000","11077.000","-572.000","5898.000","270.000","141.665","93.000","321.453","503.000","-1.082","-566.776","13480.976"
"2020-01-31","2020Jan","","-965.000","73.140","15194.000","105.426","400.000","-6911.000","-1365.000","516.000","200.000","230.298","37.000","170.695","-234.000","333.883","-311.969","3167.128"
"2020-02-29","2020Feb","","598.000","543.900","21263.000","41.357","-663.000","-4537.000","-1223.000","4396.000","277.000","-60.797","53.000","184.959","-280.000","406.077","314.683","8365.956"
"2020-03-31","2020Mar","","1916.000","-20.740","24060.000","9.204","-1147.000","-3127.000","-1197.000","4201.000","386.000","-398.405","-52.000","165.432","-245.000","276.454","-482.930","6233.195"
"2020-04-30","2020Apr","","248.000","54.580","9504.000","60.766","-397.000","-5322.000","-1220.000","-1689.000","284.000","245.921","159.000","196.887","-565.000","261.733","-536.096","8547.717"
"2020-05-31","2020May","","229.000","210.340","6771.000","76.293","-420.000","-10312.000","-1001.000","2928.000","233.000","73.308","78.000","123.052","-1218.000","134.653","122.502","14095.456"
"2020-06-30","2020Jun","","1401.000","221.450","17601.000","72.292","-525.000","-7001.000","-1498.000","4122.000","234.000","-243.890","28.000","158.065","120.000","291.152","311.155","16304.266"
"2020-07-31","2020Jul","","-27.000","255.140","18706.000","-69.474","69.000","-6316.000","-877.000","10283.000","155.000","1274.409","-123.000","135.545","143.000","160.083","27.626","16879.030"
"2020-08-31","2020Aug","","-782.000","270.430","14772.000","-101.238","374.000","-4164.000","-243.000","6575.000","462.000","-115.668","20.000","230.646","581.000","214.791","188.621","20000.876"
"2020-09-30","2020Sep","","-687.000","-197.020","22155.000","11.755","59.000","-4104.000","-535.000","8077.000","497.000","-21.805","73.000","146.756","-112.000","403.064","277.098","23229.169"
"2020-10-31","2020Oct","","4636.000","-102.970","24104.000","171.917","794.000","-5082.000","-826.000","8767.000","277.000","1356.820","203.000","254.819","487.000","507.160","141.013","29524.069"
"2020-11-30","2020Nov","","-568.000","-191.860","21258.000","-196.993","725.000","-484.000","-1321.000","7091.000","129.000","1387.116","112.000","316.673","-49.000","266.931","-3.229","25385.764"
"2020-12-31","2020Dec","","-1755.000","-153.310","22644.000","-885.044","1733.000","9764.000","-724.000","7538.000","489.000","-705.217","300.000","216.654","-13.000","167.228","-477.462","35903.418"
"2021-01-31","2021Jan","","-3267.000","54.990","18990.000","25.512","122.000","-70.000","-584.000","3205.000","304.000","-194.463","-29.000","45.412","-93.000","348.067","-203.723","41117.170"
"2021-02-28","2021Feb","","-287.000","353.600","21040.000","2.910","163.000","-4635.000","-878.000","3569.000","308.000","618.644","-20.000","124.529","84.000","222.794","231.667","33068.282"
"2021-03-31","2021Mar","","1286.000","-324.010","32822.000","-511.413","-777.000","-2631.000","-1574.000","2599.000","-31.000","898.396","-140.000","123.904","-24.000","352.067","-184.862","27272.816"
"2021-04-30","2021Apr","","3334.000","132.070","23134.000","-131.145","-693.000","-478.000","-2183.000","5584.000","-59.000","-50.386","-222.000","153.004","-885.000","315.802","-482.588","38321.472"
"2021-05-31","2021May","","2254.000","-127.210","17866.000","-142.688","40.000","-7107.000","-1474.000","2689.000","-49.000","93.770","-228.000","109.933","-661.000","130.469","-106.833","32704.926"
"2021-06-30","2021Jun","","1981.000","117.650","22727.000","-574.078","470.000","2136.000","-1428.000","5838.000","62.000","293.399","-278.000","91.329","-113.000","-116.442","-715.335","29269.935"
"2021-07-31","2021Jul","","3064.000","395.210","19283.000","-129.614","397.000","2492.000","334.000","7960.000","-53.000","903.786","-331.000","177.440","-34.000","103.216","-468.358","36855.238"
"2021-08-31","2021Aug","","826.000","365.250","15975.000","-81.799","322.000","-465.000","1321.000","3909.000","188.000","884.346","-187.000","261.933","773.000","134.106","-419.371","24929.935"
"2021-09-30","2021Sep","","2329.000","-146.220","22202.000","-6.389","1023.000","681.000","-375.000","3116.000","249.000","-278.209","-78.000","106.063","6.000","226.200","-619.986","24469.753"
"2021-10-31","2021Oct","","875.000","92.800","18102.000","28.452","-1901.000","1398.000","-1233.000","1430.000","49.000","831.220","11.000","272.515","397.000","177.192","-207.574","15243.375"
"2021-11-30","2021Nov","","-1928.000","-268.790","21792.000","87.262","654.000","3240.000","-2820.000","441.000","21.000","1002.207","14.000","307.575","-432.000","106.557","-611.820","19809.534"
"2021-12-31","2021Dec","","-1172.000","-505.610","20475.000","281.763","1001.000","12380.000","-2359.000","-3366.000","-168.000","-1367.495","176.000","-147.928","-455.000","-192.609","-1136.155","15575.327"
"2022-01-31","2022Jan","33.000","-254.000","-523.280","17071.000","16.077","-564.000","-3588.000","-2318.000","-5429.000","-102.000","804.342","-94.000","39.929","-643.000","125.458","-886.977","19220.000"
"2022-02-28","2022Feb","774.000","892.000","187.550","23133.000","-83.708","-184.000","-6091.000","-2555.000","-2226.000","-271.000","728.988","-135.000","70.214","-638.000","-234.335","-414.457","11167.617"
"2022-03-31","2022Mar","130.000","1955.000","-239.270","20585.000","-185.718","-1482.000","-4696.000","-2667.000","-2501.000","-458.000","428.467","-256.000","-109.049","-593.000","-43.514","-1182.638","484.786"
"2022-04-30","2022Apr","-1962.000","-679.000","83.290","10499.000","-218.425","-3969.000","-1288.000","-1882.000","-3341.000","-474.000","-136.001","-195.000","26.413","-1185.000","-171.927","-819.162","-9409.708"
"2022-05-31","2022May","-1409.000","1300.000","302.310","3066.000","-114.082","-1620.000","-13351.000","-2388.000","-3571.000","-126.000","895.449","-263.000","-36.765","-951.000","-72.891","-475.402","-6516.194"
"2022-06-30","2022Jun","-504.000","-1480.000","-26.030","12772.000","-29.287","121.000","6008.000","-1198.000","-1571.000","-571.000","-565.253","-166.000","-186.719","-494.000","-100.891","-1018.100","-681.081"
"2022-07-31","2022Jul","-537.000","-5368.000","479.750","8538.000","-162.097","-619.000","-6240.000","859.000","-454.000","-358.000","1192.963","-268.000","65.714","989.000","-238.269","-778.181","-7464.051"
"2022-08-31","2022Aug","-1879.000","-4844.000","499.670","5497.000","-40.128","-202.000","-8431.000","487.000","-7391.000","-296.000","1240.347","-295.000","81.910","86.000","-70.181","-548.408","-21036.909"
"2022-09-30","2022Sep","-685.000","-996.000","-1095.810","13128.000","-39.744","590.000","-2959.000","-995.000","-6168.000","-218.000","-295.929","-88.000","-96.388","-276.000","463.518","-1092.323","-25520.549"
"2022-10-31","2022Oct","-299.000","-93.000","-445.380","8670.000","-7.074","-280.000","-4285.000","-2821.000","-1326.000","-564.000","949.895","-138.000","235.283","418.000","62.114","-300.181","-11743.726"
"2022-11-30","2022Nov","-51.000","95.000","-120.020","18741.000","-72.770","1099.000","-3132.000","-3989.000","-1171.000","-145.000","434.459","-88.000","122.259","-940.000","-72.759","-1429.196","5558.526"
"2022-12-31","2022Dec","575.000","-1446.000","-303.820","20839.000","-191.769","680.000","10390.000","-2782.000","-1402.000","-530.000","-1527.508","11.000","-728.539","-712.000","-175.766","-1643.603","6915.008"
"2023-01-31","2023Jan","416.000","-1185.000","-410.640","15629.000","3.266","-114.000","-10974.000","-258.000","-5891.000","-20.000","191.491","-183.000","17.180","-28.000","188.407","-639.533","3377.433"
"2023-02-28","2023Feb","1230.000","480.000","25.420","20279.000","-30.561","-240.000","-9569.000","-1375.000","-989.000","54.000","200.993","-167.000","-33.430","-135.000","139.262","-336.172","10476.079"
"2023-03-31","2023Mar","2632.000","2260.000","-416.470","27459.000","-55.627","38.000","-4963.000","-2433.000","-1323.000","26.000","-138.205","-155.000","223.165","269.000","433.851","120.834","18722.687"
"2023-04-30","2023Apr","-438.000","-984.000","-227.170","16626.000","7.924","-3494.000","66.000","-1921.000","-3073.000","4.000","-286.455","-7.000","-6.620","-446.000","147.892","-65.895","12660.843"
"2023-05-31","2023May","-1213.000","-2858.000","54.610","3129.000","-117.586","-706.000","-10918.000","-1687.000","916.000","18.000","308.537","-152.000","134.350","-119.000","514.135","-114.779","16494.114"
"2023-06-30","2023Jun","-474.000","-1767.000","444.960","19270.000","-27.100","253.000","-1472.000","-746.000","2032.000","87.000","16.349","-199.000","208.817","487.000","414.261","-187.609","26316.735"
"2023-07-31","2023Jul","572.000","-2266.000","110.870","15941.000","-188.231","-259.000","-3397.000","753.000","5119.000","-223.000","1540.671","-192.000","60.668","823.000","122.946","-452.275","23729.836"
"2023-08-31","2023Aug","536.000","-860.000","-39.280","18936.000","-196.992","422.000","-6684.000","503.000","1557.000","289.000","2181.373","-243.000","219.544","1411.000","97.514","17.189","23565.375"
"2023-09-30","2023Sep","687.000","4033.000","-405.080","23301.000","-76.816","602.000","-1877.000","-368.000","670.000","302.000","431.186","-141.000","254.557","413.000","363.919","-474.769","20543.897"
"2023-10-31","2023Oct","634.000","1356.000","-326.780","17841.000","-119.049","-368.000","-6052.000","-1347.000","3408.000","146.000","1998.388","-29.000","132.291","38.000","251.797","-295.445","25147.041"
"2023-11-30","2023Nov","1589.000","823.000","-76.420","29525.000","-5.839","1480.000","103.000","-3311.000","173.000","-18.000","1243.167","-128.000","84.994","262.000","261.134","-522.435","32333.919"
"2023-12-31","2023Dec","1502.000","2135.000","155.790","24505.000","328.263","-117.000","26339.000","-3092.000","2724.000","146.000","-2080.233","86.000","70.133","-1426.000","107.823","-785.242","36253.223"
"2024-01-31","2024Jan","2467.000","-650.000","-24.630","27025.000","-47.493","-207.000","-2033.000","1669.000","-2012.000","128.000","901.436","129.000","-37.276","825.000","182.454","-276.049","50395.545"
"2024-02-29","2024Feb","2836.000","1787.000","197.920","25846.000","-56.773","-389.000","-5190.000","-3191.000","2925.000","297.000","501.502","-3.000","107.321","442.000","201.401","-129.375","33606.546"
"2024-03-31","2024Mar","2175.000","1542.000","-180.020","29157.000","-35.690","-951.000","-2019.000","-2638.000","1177.000","363.000","460.958","-127.000","346.843","869.000","219.278","-224.571","32839.600"
"2024-04-30","2024Apr","-349.000","-862.000","-327.250","26010.000","-167.065","-3510.000","-1022.000","-2632.000","1996.000","-44.000","-364.485","-155.000","99.576","54.000","299.780","-351.984","38488.684"
"2024-05-31","2024May","-1556.000","-575.000","-187.020","15708.000","43.333","-194.000","-10837.000","-2458.000","1551.000","182.000","656.672","-65.000","184.675","43.000","156.075","-775.857","38732.729"
"2024-06-30","2024Jun","579.000","-1886.000","107.570","19961.000","-19.767","1444.000","6770.000","126.000","4357.000","458.000","220.998","-129.000","311.988","1070.000","211.974","-253.166","46276.182"
"2024-07-31","2024Jul","676.000","-1437.000","652.190","19682.000","-171.889","287.000","2555.000","66.000","6295.000","47.000","1756.509","-251.000","107.815","1071.000","638.552","-696.343","33635.966"
"2024-08-31","2024Aug","-936.000","-1455.000","934.290","14777.000","-58.588","495.000","-4847.000","313.000","1469.000","364.000","2174.765","-86.000","308.119","1657.000","205.107","-348.713","26794.847"
"2024-09-30","2024Sep","502.000","897.000","-132.210","21286.000","-53.678","1120.000","3953.000","-486.000","1914.000","660.000","536.779","-60.000","118.350","909.000","280.487","-567.254","30548.107"
"2024-10-31","2024Oct","798.000","1816.000","-698.950","16011.000","-54.706","-401.000","-4615.000","-639.000","3817.000","205.000","2112.239","-77.000","259.378","582.000","437.186","-580.507","26305.486"
"2024-11-30","2024Nov","-240.000","-489.000","-361.750","22681.000","-11.078","274.000","-241.000","-3342.000","-1861.000","-138.000","628.089","46.000","194.290","192.000","169.748","-387.572","23649.515"
"2024-12-31","2024Dec","592.000","-1030.000","-554.530","16973.000","136.668","813.000","20191.000","-3733.000","2496.000","25.000","-3464.903","146.000","-363.361","-1216.000","59.855","-1429.853","28177.215"
"2025-01-31","2025Jan","2429.000","-222.000","-29.270","16620.000","-78.036","466.000","-3178.000","873.000","-4467.000","-76.000","49.564","-85.000","-9.460","456.000","59.911","-669.862","27020.358"
"2025-02-28","2025Feb","2402.000","603.000","-77.430","21252.000","-80.780","576.000","-8168.000","-2628.000","1128.000","-33.000","1267.096","3.000","57.963","-192.000","183.594","-564.182","18910.138"
"2025-03-31","2025Mar","1791.000","-1302.000","-929.630","27449.000","-0.263","-2451.000","-768.000","-3200.000","280.000","62.000","347.435","-189.000","350.418","-71.000","198.412","-340.692","29002.145"
"2025-04-30","2025Apr","-41.000","-264.000","-788.910","18746.000","-19.671","-501.000","-1885.000","-2345.000","1060.000","-108.000","555.125","-63.000","99.376","235.000","445.493","-690.816","22099.430"
"2025-05-31","2025May","-623.000","-3090.000","-88.200","5924.000","42.352","240.000","-13674.000","-4.000","1907.000","-22.000","378.193","-149.000","197.311","-445.000","321.836","-156.425","25917.668"
"2025-06-30","2025Jun","-85.000","-2422.000","199.800","17162.000","44.704","1231.000","4457.000","-1195.000","6639.000","191.000","633.362","-266.000","220.222","352.000","106.199","-277.564","32561.719"
"2025-07-31","2025Jul","314.000","-1356.000","-308.830","16950.000","-69.657","1898.000","-406.000","669.000","7847.000","-325.000","672.719","-266.000","-234.573","1281.000","378.440","-575.784","20066.692"
"2025-08-31","2025Aug","-180.000","-1971.000","231.470","10818.000","-22.089","347.000","-5922.000","1187.000","3114.000","339.000","1128.880","-59.000","414.154","1455.000","190.099","-413.959","15541.460"
"2025-09-30","2025Sep","873.000","1639.000","-1053.750","16566.000","-107.364","29.000","-1556.000","-444.000","2697.000","156.000","-247.440","-24.000","462.671","351.000","371.030","-78.403","16658.543"
"2025-10-31","2025Oct","1328.000","-472.000","-1134.470","17111.000","-88.172","281.000","-372.000","-1066.000","3572.000","314.000","1440.379","-143.000","235.286","1120.000","212.453","-158.342","30423.761"
"2025-11-30","2025Nov","953.000","-1355.000","-1302.780","16790.000","5.327","203.000","-1242.000","-2053.000","-1724.000","-40.000","-261.191","-254.000","307.718","-2.000","35.274","-418.566","13656.397"
"2025-12-31","2025Dec","387.000","-2062.000","-1382.570","17356.000","298.478","1204.000","23369.000","-3874.000","2998.000","312.000","-1226.347","47.000","16.046","-739.000","-10.920","-646.917","17730.869"
"2026-01-31","2026Jan","2094.000","-1004.000","-916.270","18091.000","-60.622","417.000","-18.000","-1286.000","-1785.000","186.000","1229.796","18.000","166.398","-303.000","164.430","-731.271","40189.522"
"2026-02-28","2026Feb","3203.000","1647.000","-415.760","20487.000","-225.044","-367.000","-9603.000","-3326.000","3654.000","395.000","-676.371","-106.000","163.114","-407.000","128.973","-245.579","25599.669"
"2026-03-31","2026Mar","1139.000","1784.000","-1610.250","23635.000","32.343","250.000","-2869.000","-2344.000","1748.000","497.000","878.889","-214.000","96.946","94.000","103.242","-166.016","14854.645"
"2026-04-30","2026Apr","-86.000","2145.000","-1209.350","13816.000","-102.210","-2573.000","-2390.000","-1389.000","2258.000","96.000","-1131.520","-84.000","158.501","350.000","127.419","-436.825","15702.637"
